{
  "feature_names": [
    "age",
    "gender",
    "smoker",
    "heart_rate",
    "blood_pressure",
    "cholesterol_level",
    "fever",
    "cough",
    "fatigue",
    "shortness_of_breath",
    "headache",
    "runny_nose",
    "sore_throat",
    "chest_pain",
    "body_ache",
    "nausea",
    "vomiting",
    "diarrhea",
    "dizziness",
    "chills",
    "loss_of_smell",
    "loss_of_taste",
    "wheezing",
    "rash",
    "eye_irritation",
    "ear_pain",
    "sweating",
    "joint_pain",
    "abdominal_pain",
    "back_pain",
    "blurred_vision",
    "dry_cough",
    "wet_cough",
    "sinus_pressure",
    "sneezing",
    "rapid_heartbeat",
    "slow_heartbeat",
    "dehydration",
    "loss_of_appetite",
    "sleep_disturbance",
    "anxiety",
    "irritability",
    "muscle_spasm",
    "skin_redness",
    "itchiness",
    "breathing_difficulty",
    "disease_encoded"
  ],
  "mean": [
    -9.492850949754939e-17,
    0.50392,
    0.50396,
    -2.347633198951371e-16,
    -1.1368683772161604e-18,
    1.5006662579253316e-16,
    1.50312,
    1.49264,
    1.49168,
    1.511,
    1.5008,
    1.5024,
    1.50192,
    1.5056,
    1.51544,
    1.51612,
    1.5106,
    1.49928,
    1.49368,
    1.49728,
    1.50236,
    1.50116,
    1.492,
    1.49684,
    1.50264,
    1.4932,
    1.50228,
    1.49572,
    1.50292,
    1.50096,
    1.50108,
    1.49684,
    1.49068,
    1.50084,
    1.49924,
    1.50748,
    1.50476,
    1.51616,
    1.50256,
    1.51004,
    1.49972,
    1.5022,
    1.50024,
    1.48796,
    1.49304,
    1.50124,
    3.75024
  ],
  "std": [
    0.9999999999999999,
    0.4999846333638665,
    0.49998431815407973,
    1.0,
    1.0,
    0.9999999999999999,
    1.1191024374917606,
    1.1192255493867176,
    1.11954043142711,
    1.1201245466464878,
    1.1221761715523992,
    1.1192471755604299,
    1.113910370541544,
    1.1180915168267758,
    1.1171399224806176,
    1.1168796468733773,
    1.1155839905627905,
    1.1197140177741816,
    1.1146120659673482,
    1.1161687155623026,
    1.1177810297191486,
    1.121034635682591,
    1.118684942242453,
    1.1208880472197034,
    1.1216028844470756,
    1.1164021497650387,
    1.1223523518040135,
    1.1174532122643883,
    1.1150208399846167,
    1.119463745906941,
    1.1208919812363722,
    1.1215658760857519,
    1.1182097914076767,
    1.119177954750718,
    1.1198211564352585,
    1.118903056390499,
    1.1160185224269354,
    1.1200619868560848,
    1.1221735366689056,
    1.1204549069016567,
    1.1171033620932307,
    1.1183537722921133,
    1.120107112020989,
    1.114744382537988,
    1.122047930527034,
    1.1148087111249176,
    1.9425189683501163
  ]
}