{"mean": [44.64188, 0.50532, 0.15352, 0.09592, 74.58848, 119.6444, 199.258, 0.59136, 0.19268, 0.1848, 0.45188, 0.32484, 0.32148, 0.84516, 0.17428, 0.31436, 0.557, 0.8528, 0.26956, 0.34376, 0.07252, 0.34264, 0.7334, 0.07436, 0.42456, 0.38356, 0.31372, 0.40512, 0.32732, 0.41088, 0.076, 0.35236, 0.44776, 0.65516, 0.24056, 0.50768, 0.26768, 0.5822, 0.31208, 0.32188, 0.2108, 0.32232, 0.19372, 0.19896, 0.65008, 0.37144, 0.42136, 0.48624, 0.29364, 0.59, 0.16524, 0.87988, 0.42528, 0.11872, 0.26432, 0.4928, 0.23256, 0.14544, 0.6498, 0.07732, 0.34256, 0.55828, 0.0796, 0.47584, 0.26772, 0.50876, 0.44052, 0.46688, 0.31112, 0.33472, 0.07536, 0.26156, 0.42504, 0.17876, 0.46092, 0.5904, 0.2146, 0.34724, 0.07948, 0.50504, 0.26484, 0.40204, 0.25948, 0.19932, 0.33868, 0.19664, 0.40904, 0.43468, 0.11896, 0.19028, 0.6074, 0.30248, 0.3782, 0.18872, 0.07264, 0.33692, 0.34176, 0.38268, 0.17676, 0.60812, 0.68084, 0.35164, 0.24104, 0.19308, 0.21828, 0.2156, 0.48588], "scale": [17.9068308213821, 0.4999716967989288, 0.3604880158895715, 0.2944814995886838, 12.029776859509907, 14.976248817377467, 35.487021796707594, 1.2818944380876298, 0.7063953691807443, 0.7020605102126168, 1.1375783338302465, 0.9617686698993683, 0.9535463332214118, 1.4911956861525586, 0.6616241241067318, 0.943619515694753, 1.2529768553329306, 1.4904536758987177, 0.862425304823554, 0.9863818035629003, 0.31921912474035763, 0.9866092592308263, 1.4137059241582035, 0.3202976590610678, 1.0988670558352363, 1.0470347302740248, 0.9453146362984124, 1.0733302313826814, 0.9712783419802996, 1.0807301354177186, 0.3282438118228583, 1.0045707692343033, 1.132250406226467, 1.345007574105068, 0.8173927369386151, 1.1994753092915251, 0.8640529020841259, 1.277921421684448, 0.9418099986727684, 0.9598089734942051, 0.7526243153127595, 0.956801869563391, 0.7142776502173367, 0.7251033846287025, 1.3435311658461817, 1.0328370279961887, 1.0962735746153878, 1.1819858977162123, 0.9084357712023453, 1.2866001709933044, 0.6440619088255416, 1.5195299225747414, 1.1030942487385202, 0.5163579781508174, 0.8574234295842399, 1.1815363557673542, 0.796138082495744, 0.5892089666663264, 1.3397163729685473, 0.3316347653669621, 0.993545492868847, 1.2611912787519584, 0.3370220170849377, 1.1647730656226558, 0.8669752024135408, 1.1997680035740244, 1.1215623609946974, 1.152468249280647, 0.9359937743382698, 0.9765871807473208, 0.32471660013002107, 0.8450481444272864, 1.0972242243042212, 0.6723725622004516, 1.1429054001097378, 1.2872870076249507, 0.7627757468614219, 0.9926249958569449, 0.3343694507576911, 1.2015883647905383, 0.8568195693376756, 1.0703662169556736, 0.8566855488450824, 0.7262998950846681, 0.9883197142625458, 0.7169746929982954, 1.0813539098740985, 1.1146538913940953, 0.5111638860483005, 0.7137461184482898, 1.296697821390936, 0.9244813949452958, 1.033617317966374, 0.7089603385239543, 0.3163596535590466, 0.9749896992276379, 0.9897474942630571, 1.0464779107081046, 0.6692054261585152, 1.2982103318029787, 1.370028063362207, 0.9981930226163676, 0.8190114275149036, 0.7110275055157853, 0.7633569555588, 0.7649291731918713, 1.1772003336730754]}